Category,Size,Color,Stock
AN : LEGGINGS,FREE,Maroon,0.0
AN : LEGGINGS,L,Beige,7.0
AN : LEGGINGS,L,Black,4.0
AN : LEGGINGS,L,Brown,6.0
AN : LEGGINGS,L,Green,15.0
AN : LEGGINGS,L,Maroon,7.0
AN : LEGGINGS,L,Mustard,25.0
AN : LEGGINGS,L,Navy Blue,7.0
AN : LEGGINGS,L,Orange,14.0
AN : LEGGINGS,L,Pink,7.0
AN : LEGGINGS,L,Purple,13.0
AN : LEGGINGS,L,Red,8.0
AN : LEGGINGS,L,White,13.0
AN : LEGGINGS,L,Yellow,12.0
AN : LEGGINGS,M,Beige,10.0
AN : LEGGINGS,M,Black,6.0
AN : LEGGINGS,M,Brown,11.0
AN : LEGGINGS,M,Green,19.0
AN : LEGGINGS,M,Maroon,6.0
AN : LEGGINGS,M,Mustard,18.0
AN : LEGGINGS,M,Navy Blue,7.0
AN : LEGGINGS,M,Orange,11.0
AN : LEGGINGS,M,Pink,5.0
AN : LEGGINGS,M,Purple,7.0
AN : LEGGINGS,M,Red,8.0
AN : LEGGINGS,M,White,10.0
AN : LEGGINGS,M,Yellow,11.0
AN : LEGGINGS,S,Beige,8.0
AN : LEGGINGS,S,Black,10.0
AN : LEGGINGS,S,Brown,12.0
AN : LEGGINGS,S,Green,23.0
AN : LEGGINGS,S,Maroon,4.0
AN : LEGGINGS,S,Mustard,30.0
AN : LEGGINGS,S,Navy Blue,7.0
AN : LEGGINGS,S,Orange,23.0
AN : LEGGINGS,S,Pink,9.0
AN : LEGGINGS,S,Purple,11.0
AN : LEGGINGS,S,Red,9.0
AN : LEGGINGS,S,White,15.0
AN : LEGGINGS,S,Yellow,18.0
AN : LEGGINGS,XL,Beige,7.0
AN : LEGGINGS,XL,Black,6.0
AN : LEGGINGS,XL,Brown,9.0
AN : LEGGINGS,XL,Green,20.0
AN : LEGGINGS,XL,Maroon,5.0
AN : LEGGINGS,XL,Mustard,25.0
AN : LEGGINGS,XL,Navy Blue,4.0
AN : LEGGINGS,XL,Orange,13.0
AN : LEGGINGS,XL,Pink,3.0
AN : LEGGINGS,XL,Purple,5.0
AN : LEGGINGS,XL,Red,10.0
AN : LEGGINGS,XL,White,23.0
AN : LEGGINGS,XL,Yellow,12.0
AN : LEGGINGS,XXL,Beige,5.0
AN : LEGGINGS,XXL,Black,4.0
AN : LEGGINGS,XXL,Brown,11.0
AN : LEGGINGS,XXL,Green,15.0
AN : LEGGINGS,XXL,Maroon,5.0
AN : LEGGINGS,XXL,Mustard,21.0
AN : LEGGINGS,XXL,Navy Blue,5.0
AN : LEGGINGS,XXL,Orange,17.0
AN : LEGGINGS,XXL,Pink,4.0
AN : LEGGINGS,XXL,Purple,7.0
AN : LEGGINGS,XXL,Red,5.0
AN : LEGGINGS,XXL,White,13.0
AN : LEGGINGS,XXL,Yellow,15.0
BLOUSE,FREE,Beige,468.0
BLOUSE,FREE,Black,3183.0
BLOUSE,FREE,Blue,1.0
BLOUSE,FREE,Brown,2.0
BLOUSE,FREE,Chiku,7.0
BLOUSE,FREE,Gold,664.0
BLOUSE,FREE,Multicolor,0.0
BLOUSE,FREE,Navy Blue,1.0
BLOUSE,FREE,Pink,320.0
BLOUSE,FREE,Red,418.0
BLOUSE,L,Beige,2.0
BLOUSE,L,Black,46.0
BLOUSE,L,Blue,39.0
BLOUSE,L,Brown,25.0
BLOUSE,L,Gold,23.0
BLOUSE,L,Green,35.0
BLOUSE,L,Grey,4.0
BLOUSE,L,Maroon,72.0
BLOUSE,L,Multicolor,107.0
BLOUSE,L,Navy Blue,7.0
BLOUSE,L,Orange,24.0
BLOUSE,L,Peach,30.0
BLOUSE,L,Pink,64.0
BLOUSE,L,Purple,16.0
BLOUSE,L,Red,8.0
BLOUSE,L,White,2.0
BLOUSE,M,Beige,2.0
BLOUSE,M,Black,61.0
BLOUSE,M,Blue,49.0
BLOUSE,M,Brown,31.0
BLOUSE,M,Gold,37.0
BLOUSE,M,Green,25.0
BLOUSE,M,Grey,5.0
BLOUSE,M,Maroon,58.0
BLOUSE,M,Multicolor,131.0
BLOUSE,M,Navy Blue,5.0
BLOUSE,M,Orange,15.0
BLOUSE,M,Peach,44.0
BLOUSE,M,Pink,72.0
BLOUSE,M,Purple,24.0
BLOUSE,M,Red,7.0
BLOUSE,M,White,2.0
BLOUSE,S,Beige,8.0
BLOUSE,S,Black,34.0
BLOUSE,S,Blue,55.0
BLOUSE,S,Brown,39.0
BLOUSE,S,Gold,34.0
BLOUSE,S,Green,14.0
BLOUSE,S,Grey,19.0
BLOUSE,S,Maroon,97.0
BLOUSE,S,Multicolor,72.0
BLOUSE,S,Navy Blue,16.0
BLOUSE,S,Olive,2.0
BLOUSE,S,Orange,12.0
BLOUSE,S,Peach,11.0
BLOUSE,S,Pink,66.0
BLOUSE,S,Purple,18.0
BLOUSE,S,Red,18.0
BLOUSE,S,White,15.0
BLOUSE,XL,Beige,2.0
BLOUSE,XL,Black,30.0
BLOUSE,XL,Blue,60.0
BLOUSE,XL,Brown,34.0
BLOUSE,XL,Gold,17.0
BLOUSE,XL,Green,31.0
BLOUSE,XL,Grey,8.0
BLOUSE,XL,Maroon,55.0
BLOUSE,XL,Multicolor,42.0
BLOUSE,XL,Navy Blue,19.0
BLOUSE,XL,Orange,13.0
BLOUSE,XL,Peach,16.0
BLOUSE,XL,Pink,82.0
BLOUSE,XL,Purple,20.0
BLOUSE,XL,Red,8.0
BLOUSE,XL,White,3.0
BLOUSE,XS,Beige,8.0
BLOUSE,XS,Black,54.0
BLOUSE,XS,Blue,26.0
BLOUSE,XS,Brown,31.0
BLOUSE,XS,Gold,15.0
BLOUSE,XS,Green,9.0
BLOUSE,XS,Grey,10.0
BLOUSE,XS,Maroon,63.0
BLOUSE,XS,Multicolor,88.0
BLOUSE,XS,Navy Blue,16.0
BLOUSE,XS,Orange,6.0
BLOUSE,XS,Peach,29.0
BLOUSE,XS,Red,16.0
BLOUSE,XS,White,6.0
BLOUSE,XXL,Beige,2.0
BLOUSE,XXL,Black,32.0
BLOUSE,XXL,Blue,50.0
BLOUSE,XXL,Brown,27.0
BLOUSE,XXL,Gold,9.0
BLOUSE,XXL,Green,22.0
BLOUSE,XXL,Grey,5.0
BLOUSE,XXL,Maroon,62.0
BLOUSE,XXL,Multicolor,128.0
BLOUSE,XXL,Navy Blue,6.0
BLOUSE,XXL,Orange,11.0
BLOUSE,XXL,Peach,19.0
BLOUSE,XXL,Pink,54.0
BLOUSE,XXL,Purple,12.0
BLOUSE,XXL,Red,5.0
BLOUSE,XXL,White,4.0
BLOUSE,XXXL,Maroon,1.0
BOTTOM,L,Beige,2.0
BOTTOM,L,Green,2.0
BOTTOM,L,White,1.0
BOTTOM,M,Beige,1.0
BOTTOM,M,Green,2.0
BOTTOM,S,Beige,2.0
BOTTOM,S,Green,1.0
BOTTOM,S,White,2.0
BOTTOM,XL,Beige,3.0
BOTTOM,XL,Green,3.0
BOTTOM,XL,White,3.0
BOTTOM,XS,Beige,2.0
BOTTOM,XS,Green,3.0
BOTTOM,XS,White,0.0
BOTTOM,XXL,Beige,2.0
BOTTOM,XXL,Green,3.0
BOTTOM,XXL,White,2.0
BOTTOM,XXXL,Green,4.0
BOTTOM,XXXL,White,3.0
CARDIGAN,L,Blue,4.0
CARDIGAN,L,Cream,2.0
CARDIGAN,L,Mustard,4.0
CARDIGAN,M,Blue,2.0
CARDIGAN,M,Cream,5.0
CARDIGAN,M,Mustard,4.0
CARDIGAN,S,Blue,3.0
CARDIGAN,S,Cream,4.0
CARDIGAN,S,Mustard,6.0
CARDIGAN,XL,Blue,2.0
CARDIGAN,XL,Cream,3.0
CARDIGAN,XL,Mustard,11.0
CARDIGAN,XXL,Blue,2.0
CARDIGAN,XXL,Cream,2.0
CARDIGAN,XXL,Mustard,3.0
CARDIGAN,XXXL,Blue,1.0
CARDIGAN,XXXL,Mustard,0.0
CROP TOP,L,Black,3.0
CROP TOP,L,Blue,3.0
CROP TOP,L,Light Green,21.0
CROP TOP,L,Pink,10.0
CROP TOP,L,Red,3.0
CROP TOP,M,Black,2.0
CROP TOP,M,Blue,6.0
CROP TOP,M,Light Green,14.0
CROP TOP,M,Pink,6.0
CROP TOP,M,Red,2.0
CROP TOP,S,Black,8.0
CROP TOP,S,Blue,8.0
CROP TOP,S,Light Green,28.0
CROP TOP,S,Pink,11.0
CROP TOP,S,Red,2.0
CROP TOP,XL,Black,2.0
CROP TOP,XL,Blue,5.0
CROP TOP,XL,Light Green,21.0
CROP TOP,XL,Pink,9.0
CROP TOP,XL,Red,17.0
CROP TOP,XS,Black,4.0
CROP TOP,XS,Blue,5.0
CROP TOP,XS,Light Green,45.0
CROP TOP,XS,Pink,11.0
CROP TOP,XS,Red,3.0
CROP TOP,XXL,Black,5.0
CROP TOP,XXL,Blue,11.0
CROP TOP,XXL,Light Green,21.0
CROP TOP,XXL,Pink,9.0
CROP TOP,XXL,Red,43.0
CROP TOP,XXXL,Black,2.0
CROP TOP,XXXL,Blue,4.0
CROP TOP,XXXL,Light Green,29.0
CROP TOP,XXXL,Pink,8.0
CROP TOP,XXXL,Red,24.0
CROP TOP WITH PLAZZO,L,Cream,111.0
CROP TOP WITH PLAZZO,M,Cream,232.0
CROP TOP WITH PLAZZO,S,Cream,95.0
CROP TOP WITH PLAZZO,XL,Cream,64.0
CROP TOP WITH PLAZZO,XS,Cream,77.0
CROP TOP WITH PLAZZO,XXL,Cream,11.0
CROP TOP WITH PLAZZO,XXXL,Cream,27.0
DRESS,L,Beige,10.0
DRESS,L,Black,21.0
DRESS,L,Blue,331.0
DRESS,L,Brown,0.0
DRESS,L,CORAL ORANGE,1.0
DRESS,L,CORAL PINK,4.0
DRESS,L,Cream,20.0
DRESS,L,Green,65.0
DRESS,L,Grey,2.0
DRESS,L,LIGHT YELLOW,2.0
DRESS,L,Light Green,29.0
DRESS,L,Light Pink,11.0
DRESS,L,MINT GREEN,0.0
DRESS,L,Maroon,11.0
DRESS,L,Multicolor,5.0
DRESS,L,Mustard,281.0
DRESS,L,Navy Blue,86.0
DRESS,L,OFF WHITE,17.0
DRESS,L,Olive,14.0
DRESS,L,Orange,20.0
DRESS,L,Peach,140.0
DRESS,L,Pink,35.0
DRESS,L,Red,8.0
DRESS,L,Rust,3.0
DRESS,L,Sea Green,75.0
DRESS,L,Sky Blue,8.0
DRESS,L,Teal,19.0
DRESS,L,Turquoise,16.0
DRESS,L,Turquoise Blue,2.0
DRESS,L,White,106.0
DRESS,L,Wine,13.0
DRESS,L,Yellow,25.0
DRESS,M,Beige,10.0
DRESS,M,Black,20.0
DRESS,M,Blue,362.0
DRESS,M,Brown,0.0
DRESS,M,CORAL ORANGE,1.0
DRESS,M,CORAL PINK,0.0
DRESS,M,Cream,11.0
DRESS,M,Green,83.0
DRESS,M,Grey,2.0
DRESS,M,LIGHT YELLOW,1.0
DRESS,M,Light Green,66.0
DRESS,M,Light Pink,9.0
DRESS,M,MINT GREEN,4.0
DRESS,M,Maroon,14.0
DRESS,M,Multicolor,8.0
DRESS,M,Mustard,313.0
DRESS,M,Navy Blue,155.0
DRESS,M,OFF WHITE,20.0
DRESS,M,Olive,20.0
DRESS,M,Orange,21.0
DRESS,M,Peach,140.0
DRESS,M,Pink,50.0
DRESS,M,Red,15.0
DRESS,M,Rust,3.0
DRESS,M,Sea Green,73.0
DRESS,M,Sky Blue,30.0
DRESS,M,Teal,27.0
DRESS,M,Turquoise,20.0
DRESS,M,Turquoise Blue,0.0
DRESS,M,White,140.0
DRESS,M,Wine,2.0
DRESS,M,Yellow,29.0
DRESS,S,Beige,4.0
DRESS,S,Black,68.0
DRESS,S,Blue,664.0
DRESS,S,Brown,0.0
DRESS,S,CORAL ORANGE,0.0
DRESS,S,CORAL PINK,0.0
DRESS,S,Cream,51.0
DRESS,S,Green,213.0
DRESS,S,Grey,2.0
DRESS,S,LIGHT YELLOW,1.0
DRESS,S,Light Green,43.0
DRESS,S,Light Pink,16.0
DRESS,S,MINT GREEN,5.0
DRESS,S,Maroon,6.0
DRESS,S,Multicolor,5.0
DRESS,S,Mustard,301.0
DRESS,S,Navy Blue,111.0
DRESS,S,OFF WHITE,24.0
DRESS,S,Olive,33.0
DRESS,S,Orange,51.0
DRESS,S,Peach,199.0
DRESS,S,Pink,46.0
DRESS,S,Red,82.0
DRESS,S,Rust,4.0
DRESS,S,Sea Green,79.0
DRESS,S,Sky Blue,44.0
DRESS,S,Teal,24.0
DRESS,S,Turquoise,45.0
DRESS,S,Turquoise Blue,2.0
DRESS,S,White,98.0
DRESS,S,Wine,3.0
DRESS,S,Yellow,35.0
DRESS,XL,Beige,12.0
DRESS,XL,Black,55.0
DRESS,XL,Blue,226.0
DRESS,XL,Brown,3.0
DRESS,XL,CORAL ORANGE,3.0
DRESS,XL,CORAL PINK,3.0
DRESS,XL,Cream,31.0
DRESS,XL,Green,96.0
DRESS,XL,Grey,2.0
DRESS,XL,LIGHT YELLOW,2.0
DRESS,XL,Light Green,73.0
DRESS,XL,Light Pink,10.0
DRESS,XL,MINT GREEN,16.0
DRESS,XL,Maroon,17.0
DRESS,XL,Multicolor,6.0
DRESS,XL,Mustard,143.0
DRESS,XL,Navy Blue,79.0
DRESS,XL,OFF WHITE,13.0
DRESS,XL,Olive,35.0
DRESS,XL,Orange,20.0
DRESS,XL,Peach,116.0
DRESS,XL,Pink,70.0
DRESS,XL,Red,17.0
DRESS,XL,Rust,7.0
DRESS,XL,Sea Green,83.0
DRESS,XL,Sky Blue,30.0
DRESS,XL,Teal,42.0
DRESS,XL,Turquoise,17.0
DRESS,XL,Turquoise Blue,1.0
DRESS,XL,White,162.0
DRESS,XL,Wine,21.0
DRESS,XL,Yellow,25.0
DRESS,XS,Black,38.0
DRESS,XS,Blue,369.0
DRESS,XS,CORAL ORANGE,1.0
DRESS,XS,CORAL PINK,2.0
DRESS,XS,Cream,78.0
DRESS,XS,Green,178.0
DRESS,XS,Grey,1.0
DRESS,XS,Light Green,94.0
DRESS,XS,Light Pink,33.0
DRESS,XS,MINT GREEN,4.0
DRESS,XS,Maroon,8.0
DRESS,XS,Multicolor,43.0
DRESS,XS,Mustard,299.0
DRESS,XS,Navy Blue,137.0
DRESS,XS,OFF WHITE,78.0
DRESS,XS,Olive,13.0
DRESS,XS,Orange,173.0
DRESS,XS,Peach,222.0
DRESS,XS,Pink,107.0
DRESS,XS,Red,118.0
DRESS,XS,Rust,4.0
DRESS,XS,Sea Green,75.0
DRESS,XS,Sky Blue,57.0
DRESS,XS,Teal,17.0
DRESS,XS,Turquoise,46.0
DRESS,XS,Turquoise Blue,4.0
DRESS,XS,White,62.0
DRESS,XS,Wine,19.0
DRESS,XS,Yellow,35.0
DRESS,XXL,Beige,3.0
DRESS,XXL,Black,34.0
DRESS,XXL,Blue,346.0
DRESS,XXL,Brown,0.0
DRESS,XXL,CORAL ORANGE,0.0
DRESS,XXL,CORAL PINK,2.0
DRESS,XXL,Cream,25.0
DRESS,XXL,Green,84.0
DRESS,XXL,Grey,3.0
DRESS,XXL,LIGHT YELLOW,1.0
DRESS,XXL,Light Green,73.0
DRESS,XXL,Light Pink,12.0
DRESS,XXL,MINT GREEN,10.0
DRESS,XXL,Maroon,24.0
DRESS,XXL,Multicolor,8.0
DRESS,XXL,Mustard,76.0
DRESS,XXL,Navy Blue,56.0
DRESS,XXL,OFF WHITE,25.0
DRESS,XXL,Olive,1.0
DRESS,XXL,Orange,9.0
DRESS,XXL,Peach,156.0
DRESS,XXL,Pink,60.0
DRESS,XXL,Red,32.0
DRESS,XXL,Rust,13.0
DRESS,XXL,Sea Green,100.0
DRESS,XXL,Sky Blue,16.0
DRESS,XXL,Teal,27.0
DRESS,XXL,Turquoise,12.0
DRESS,XXL,Turquoise Blue,1.0
DRESS,XXL,White,100.0
DRESS,XXL,Wine,29.0
DRESS,XXL,Yellow,34.0
DRESS,XXXL,Black,12.0
DRESS,XXXL,Blue,464.0
DRESS,XXXL,CORAL ORANGE,0.0
DRESS,XXXL,CORAL PINK,7.0
DRESS,XXXL,Cream,7.0
DRESS,XXXL,Green,62.0
DRESS,XXXL,Grey,2.0
DRESS,XXXL,Light Green,91.0
DRESS,XXXL,Light Pink,11.0
DRESS,XXXL,Maroon,3.0
DRESS,XXXL,Multicolor,7.0
DRESS,XXXL,Mustard,89.0
DRESS,XXXL,Navy Blue,11.0
DRESS,XXXL,OFF WHITE,20.0
DRESS,XXXL,Olive,10.0
DRESS,XXXL,Orange,15.0
DRESS,XXXL,Peach,161.0
DRESS,XXXL,Pink,44.0
DRESS,XXXL,Red,16.0
DRESS,XXXL,Rust,19.0
DRESS,XXXL,Sea Green,76.0
DRESS,XXXL,Sky Blue,20.0
DRESS,XXXL,Teal,2.0
DRESS,XXXL,Turquoise,5.0
DRESS,XXXL,Turquoise Blue,2.0
DRESS,XXXL,White,84.0
DRESS,XXXL,Yellow,24.0
JUMPSUIT,L,White,6.0
JUMPSUIT,M,White,2.0
JUMPSUIT,S,White,4.0
JUMPSUIT,XL,White,3.0
JUMPSUIT,XS,White,3.0
JUMPSUIT,XXL,White,11.0
JUMPSUIT,XXXL,White,4.0
KURTA,4XL,Beige,24.0
KURTA,4XL,Black,56.0
KURTA,4XL,Blue,114.0
KURTA,4XL,Dark Blue,90.0
KURTA,4XL,Green,31.0
KURTA,4XL,Grey,64.0
KURTA,4XL,Light Green,12.0
KURTA,4XL,Maroon,7.0
KURTA,4XL,Mauve,23.0
KURTA,4XL,Multicolor,30.0
KURTA,4XL,Navy Blue,27.0
KURTA,4XL,Pink,209.0
KURTA,4XL,Teal,70.0
KURTA,4XL,Turquoise Blue,12.0
KURTA,4XL,White,126.0
KURTA,4XL,Wine,0.0
KURTA,4XL,Yellow,3.0
KURTA,5XL,Beige,6.0
KURTA,5XL,Black,113.0
KURTA,5XL,Blue,122.0
KURTA,5XL,Dark Blue,164.0
KURTA,5XL,Green,56.0
KURTA,5XL,Grey,41.0
KURTA,5XL,Light Green,6.0
KURTA,5XL,Maroon,2.0
KURTA,5XL,Mauve,2.0
KURTA,5XL,Multicolor,57.0
KURTA,5XL,Navy Blue,14.0
KURTA,5XL,Pink,260.0
KURTA,5XL,Teal,47.0
KURTA,5XL,Turquoise Blue,19.0
KURTA,5XL,White,78.0
KURTA,5XL,Wine,0.0
KURTA,5XL,Yellow,7.0
KURTA,6XL,Beige,3.0
KURTA,6XL,Black,105.0
KURTA,6XL,Blue,131.0
KURTA,6XL,Dark Blue,138.0
KURTA,6XL,Green,32.0
KURTA,6XL,Grey,14.0
KURTA,6XL,Light Green,35.0
KURTA,6XL,Maroon,21.0
KURTA,6XL,Mauve,3.0
KURTA,6XL,Multicolor,87.0
KURTA,6XL,Navy Blue,19.0
KURTA,6XL,Pink,255.0
KURTA,6XL,Teal,104.0
KURTA,6XL,Turquoise Blue,24.0
KURTA,6XL,White,75.0
KURTA,6XL,Yellow,4.0
KURTA,L,Beige,607.0
KURTA,L,Black,1939.0
KURTA,L,Blue,1656.0
KURTA,L,Brown,188.0
KURTA,L,CORAL ,66.0
KURTA,L,Charcoal,2.0
KURTA,L,Cream,159.0
KURTA,L,Dark Blue,371.0
KURTA,L,Dark Green,92.0
KURTA,L,Green,913.0
KURTA,L,Grey,524.0
KURTA,L,Indigo,8.0
KURTA,L,LEMON ,0.0
KURTA,L,Lemon Yellow,2.0
KURTA,L,Light Blue,3.0
KURTA,L,Light Brown,284.0
KURTA,L,Light Green,1383.0
KURTA,L,Light Pink,35.0
KURTA,L,Magenta,193.0
KURTA,L,Maroon,1093.0
KURTA,L,Mauve,40.0
KURTA,L,Multicolor,266.0
KURTA,L,Mustard,414.0
KURTA,L,NAVY,89.0
KURTA,L,Navy Blue,959.0
KURTA,L,OFF WHITE,14.0
KURTA,L,Olive,62.0
KURTA,L,Olive Green,207.0
KURTA,L,Orange,274.0
KURTA,L,Peach,705.0
KURTA,L,Pink,1181.0
KURTA,L,Powder Blue,11.0
KURTA,L,Purple,69.0
KURTA,L,Red,331.0
KURTA,L,Rust,44.0
KURTA,L,Sea Green,353.0
KURTA,L,Sky Blue,20.0
KURTA,L,TEAL GREEN ,160.0
KURTA,L,Taupe,0.0
KURTA,L,Teal,1331.0
KURTA,L,Teal Green,57.0
KURTA,L,Turquoise,33.0
KURTA,L,Turquoise Blue,307.0
KURTA,L,Turquoise Green,1.0
KURTA,L,White,226.0
KURTA,L,Wine,138.0
KURTA,L,Yellow,468.0
KURTA,M,Beige,737.0
KURTA,M,Black,2331.0
KURTA,M,Blue,1504.0
KURTA,M,Brown,186.0
KURTA,M,CORAL ,30.0
KURTA,M,Charcoal,11.0
KURTA,M,Cream,159.0
KURTA,M,Dark Blue,307.0
KURTA,M,Dark Green,132.0
KURTA,M,Green,1066.0
KURTA,M,Grey,323.0
KURTA,M,Indigo,4.0
KURTA,M,LEMON ,4.0
KURTA,M,Lemon Yellow,2.0
KURTA,M,Light Blue,2.0
KURTA,M,Light Brown,186.0
KURTA,M,Light Green,1172.0
KURTA,M,Light Pink,57.0
KURTA,M,Magenta,169.0
KURTA,M,Maroon,1160.0
KURTA,M,Mauve,81.0
KURTA,M,Multicolor,155.0
KURTA,M,Mustard,474.0
KURTA,M,NAVY,91.0
KURTA,M,Navy Blue,1096.0
KURTA,M,OFF WHITE,10.0
KURTA,M,Olive,76.0
KURTA,M,Olive Green,233.0
KURTA,M,Orange,310.0
KURTA,M,Peach,673.0
KURTA,M,Pink,1472.0
KURTA,M,Powder Blue,11.0
KURTA,M,Purple,72.0
KURTA,M,Red,325.0
KURTA,M,Rust,60.0
KURTA,M,Sea Green,306.0
KURTA,M,Sky Blue,30.0
KURTA,M,TEAL GREEN ,244.0
KURTA,M,Taupe,0.0
KURTA,M,Teal,1089.0
KURTA,M,Teal Green,65.0
KURTA,M,Turquoise,28.0
KURTA,M,Turquoise Blue,503.0
KURTA,M,Turquoise Green,1.0
KURTA,M,White,251.0
KURTA,M,Wine,204.0
KURTA,M,Yellow,563.0
KURTA,S,Beige,492.0
KURTA,S,Black,2461.0
KURTA,S,Blue,1493.0
KURTA,S,Brown,269.0
KURTA,S,CORAL ,13.0
KURTA,S,Charcoal,53.0
KURTA,S,Cream,217.0
KURTA,S,Dark Blue,184.0
KURTA,S,Dark Green,155.0
KURTA,S,Green,1137.0
KURTA,S,Grey,713.0
KURTA,S,Indigo,11.0
KURTA,S,LEMON ,9.0
KURTA,S,Lemon Yellow,6.0
KURTA,S,Light Blue,5.0
KURTA,S,Light Brown,12.0
KURTA,S,Light Green,1167.0
KURTA,S,Light Pink,68.0
KURTA,S,Magenta,196.0
KURTA,S,Maroon,1049.0
KURTA,S,Mauve,18.0
KURTA,S,Multicolor,195.0
KURTA,S,Mustard,589.0
KURTA,S,NAVY,88.0
KURTA,S,Navy Blue,1044.0
KURTA,S,OFF WHITE,15.0
KURTA,S,Olive,204.0
KURTA,S,Olive Green,287.0
KURTA,S,Orange,290.0
KURTA,S,Peach,844.0
KURTA,S,Pink,1697.0
KURTA,S,Powder Blue,40.0
KURTA,S,Purple,55.0
KURTA,S,Red,318.0
KURTA,S,Rust,107.0
KURTA,S,Sea Green,335.0
KURTA,S,Sky Blue,81.0
KURTA,S,TEAL GREEN ,308.0
KURTA,S,Taupe,3.0
KURTA,S,Teal,1124.0
KURTA,S,Teal Green,95.0
KURTA,S,Turquoise,70.0
KURTA,S,Turquoise Blue,184.0
KURTA,S,Turquoise Green,0.0
KURTA,S,White,686.0
KURTA,S,Wine,241.0
KURTA,S,Yellow,655.0
KURTA,XL,Beige,560.0
KURTA,XL,Black,1732.0
KURTA,XL,Blue,1660.0
KURTA,XL,Brown,114.0
KURTA,XL,CORAL ,68.0
KURTA,XL,Charcoal,1.0
KURTA,XL,Cream,141.0
KURTA,XL,Dark Blue,240.0
KURTA,XL,Dark Green,134.0
KURTA,XL,Green,1044.0
KURTA,XL,Grey,386.0
KURTA,XL,Indigo,3.0
KURTA,XL,LEMON ,3.0
KURTA,XL,Lemon Yellow,2.0
KURTA,XL,Light Blue,0.0
KURTA,XL,Light Brown,284.0
KURTA,XL,Light Green,1261.0
KURTA,XL,Light Pink,58.0
KURTA,XL,Magenta,137.0
KURTA,XL,Maroon,1011.0
KURTA,XL,Mauve,69.0
KURTA,XL,Multicolor,132.0
KURTA,XL,Mustard,517.0
KURTA,XL,NAVY,86.0
KURTA,XL,Navy Blue,845.0
KURTA,XL,OFF WHITE,12.0
KURTA,XL,Olive,52.0
KURTA,XL,Olive Green,181.0
KURTA,XL,Orange,250.0
KURTA,XL,Peach,776.0
KURTA,XL,Pink,1421.0
KURTA,XL,Powder Blue,7.0
KURTA,XL,Purple,64.0
KURTA,XL,Red,367.0
KURTA,XL,Rust,56.0
KURTA,XL,Sea Green,242.0
KURTA,XL,Sky Blue,15.0
KURTA,XL,TEAL GREEN ,234.0
KURTA,XL,Taupe,1.0
KURTA,XL,Teal,1239.0
KURTA,XL,Teal Green,105.0
KURTA,XL,Turquoise,23.0
KURTA,XL,Turquoise Blue,270.0
KURTA,XL,Turquoise Green,0.0
KURTA,XL,White,336.0
KURTA,XL,Wine,95.0
KURTA,XL,Yellow,463.0
KURTA,XS,Beige,354.0
KURTA,XS,Black,1670.0
KURTA,XS,Blue,958.0
KURTA,XS,Brown,277.0
KURTA,XS,CORAL ,70.0
KURTA,XS,Charcoal,27.0
KURTA,XS,Cream,135.0
KURTA,XS,Dark Blue,110.0
KURTA,XS,Dark Green,15.0
KURTA,XS,Green,809.0
KURTA,XS,Grey,583.0
KURTA,XS,Indigo,23.0
KURTA,XS,LEMON ,9.0
KURTA,XS,Lemon Yellow,8.0
KURTA,XS,Light Blue,7.0
KURTA,XS,Light Brown,173.0
KURTA,XS,Light Green,616.0
KURTA,XS,Light Pink,20.0
KURTA,XS,Magenta,22.0
KURTA,XS,Maroon,896.0
KURTA,XS,Mauve,0.0
KURTA,XS,Multicolor,156.0
KURTA,XS,Mustard,441.0
KURTA,XS,NAVY,80.0
KURTA,XS,Navy Blue,656.0
KURTA,XS,OFF WHITE,22.0
KURTA,XS,Olive,49.0
KURTA,XS,Olive Green,60.0
KURTA,XS,Orange,270.0
KURTA,XS,Peach,303.0
KURTA,XS,Pink,1718.0
KURTA,XS,Powder Blue,20.0
KURTA,XS,Purple,78.0
KURTA,XS,Red,174.0
KURTA,XS,Rust,28.0
KURTA,XS,Sea Green,390.0
KURTA,XS,Sky Blue,98.0
KURTA,XS,TEAL GREEN ,93.0
KURTA,XS,Taupe,1.0
KURTA,XS,Teal,899.0
KURTA,XS,Teal Green,4.0
KURTA,XS,Turquoise,61.0
KURTA,XS,Turquoise Blue,333.0
KURTA,XS,Turquoise Green,3.0
KURTA,XS,White,229.0
KURTA,XS,Wine,215.0
KURTA,XS,Yellow,338.0
KURTA,XXL,Beige,1124.0
KURTA,XXL,Black,1363.0
KURTA,XXL,Blue,1522.0
KURTA,XXL,Brown,138.0
KURTA,XXL,CORAL ,10.0
KURTA,XXL,Charcoal,2.0
KURTA,XXL,Cream,166.0
KURTA,XXL,Dark Blue,341.0
KURTA,XXL,Dark Green,140.0
KURTA,XXL,Green,917.0
KURTA,XXL,Grey,296.0
KURTA,XXL,Indigo,8.0
KURTA,XXL,LEMON ,3.0
KURTA,XXL,Light Blue,2.0
KURTA,XXL,Light Brown,126.0
KURTA,XXL,Light Green,1495.0
KURTA,XXL,Light Pink,40.0
KURTA,XXL,Magenta,108.0
KURTA,XXL,Maroon,1024.0
KURTA,XXL,Mauve,81.0
KURTA,XXL,Multicolor,165.0
KURTA,XXL,Mustard,428.0
KURTA,XXL,NAVY,92.0
KURTA,XXL,Navy Blue,749.0
KURTA,XXL,OFF WHITE,13.0
KURTA,XXL,Olive,41.0
KURTA,XXL,Olive Green,106.0
KURTA,XXL,Orange,211.0
KURTA,XXL,Peach,397.0
KURTA,XXL,Pink,1920.0
KURTA,XXL,Powder Blue,13.0
KURTA,XXL,Purple,76.0
KURTA,XXL,Red,268.0
KURTA,XXL,Rust,63.0
KURTA,XXL,Sea Green,190.0
KURTA,XXL,Sky Blue,22.0
KURTA,XXL,TEAL GREEN ,162.0
KURTA,XXL,Taupe,1.0
KURTA,XXL,Teal,1325.0
KURTA,XXL,Teal Green,104.0
KURTA,XXL,Turquoise,51.0
KURTA,XXL,Turquoise Blue,335.0
KURTA,XXL,Turquoise Green,1.0
KURTA,XXL,White,252.0
KURTA,XXL,Wine,102.0
KURTA,XXL,Yellow,403.0
KURTA,XXXL,Beige,103.0
KURTA,XXXL,Black,879.0
KURTA,XXXL,Blue,1061.0
KURTA,XXXL,Brown,138.0
KURTA,XXXL,CORAL ,59.0
KURTA,XXXL,Charcoal,12.0
KURTA,XXXL,Cream,76.0
KURTA,XXXL,Dark Blue,152.0
KURTA,XXXL,Dark Green,48.0
KURTA,XXXL,Green,616.0
KURTA,XXXL,Grey,395.0
KURTA,XXXL,Indigo,5.0
KURTA,XXXL,LEMON ,4.0
KURTA,XXXL,Lemon Yellow,4.0
KURTA,XXXL,Light Blue,8.0
KURTA,XXXL,Light Brown,0.0
KURTA,XXXL,Light Green,1514.0
KURTA,XXXL,Light Pink,6.0
KURTA,XXXL,Magenta,9.0
KURTA,XXXL,Maroon,312.0
KURTA,XXXL,Multicolor,185.0
KURTA,XXXL,Mustard,397.0
KURTA,XXXL,NAVY,74.0
KURTA,XXXL,Navy Blue,504.0
KURTA,XXXL,OFF WHITE,21.0
KURTA,XXXL,Olive,11.0
KURTA,XXXL,Olive Green,14.0
KURTA,XXXL,Orange,93.0
KURTA,XXXL,Peach,332.0
KURTA,XXXL,Pink,1223.0
KURTA,XXXL,Powder Blue,3.0
KURTA,XXXL,Purple,28.0
KURTA,XXXL,Red,128.0
KURTA,XXXL,Rust,22.0
KURTA,XXXL,Sea Green,140.0
KURTA,XXXL,Sky Blue,25.0
KURTA,XXXL,TEAL GREEN ,49.0
KURTA,XXXL,Teal,966.0
KURTA,XXXL,Teal Green,3.0
KURTA,XXXL,Turquoise,10.0
KURTA,XXXL,Turquoise Blue,311.0
KURTA,XXXL,Turquoise Green,0.0
KURTA,XXXL,White,137.0
KURTA,XXXL,Wine,56.0
KURTA,XXXL,Yellow,144.0
KURTA SET,4XL,Teal,1.0
KURTA SET,L,AQUA GREEN,0.0
KURTA SET,L,Beige,14.0
KURTA SET,L,Black,128.0
KURTA SET,L,Blue,215.0
KURTA SET,L,Brown,639.0
KURTA SET,L,Cream,8.0
KURTA SET,L,Dark Green,124.0
KURTA SET,L,Gold,82.0
KURTA SET,L,Green,356.0
KURTA SET,L,Grey,298.0
KURTA SET,L,LEMON,2.0
KURTA SET,L,Light Brown,86.0
KURTA SET,L,Light Green,30.0
KURTA SET,L,Magenta,16.0
KURTA SET,L,Maroon,99.0
KURTA SET,L,Mauve,21.0
KURTA SET,L,Multicolor,78.0
KURTA SET,L,Mustard,884.0
KURTA SET,L,Navy Blue,177.0
KURTA SET,L,OFF WHITE,487.0
KURTA SET,L,Olive,11.0
KURTA SET,L,Olive Green,129.0
KURTA SET,L,Orange,33.0
KURTA SET,L,Peach,476.0
KURTA SET,L,Pink,320.0
KURTA SET,L,Purple,35.0
KURTA SET,L,Red,262.0
KURTA SET,L,Rust,22.0
KURTA SET,L,Sea Green,48.0
KURTA SET,L,Sky Blue,6.0
KURTA SET,L,TEAL BLUE ,2.0
KURTA SET,L,Teal,254.0
KURTA SET,L,Turquoise,41.0
KURTA SET,L,Turquoise Blue,58.0
KURTA SET,L,Turquoise Green,15.0
KURTA SET,L,White,105.0
KURTA SET,L,Wine,5.0
KURTA SET,L,Yellow,183.0
KURTA SET,M,AQUA GREEN,1.0
KURTA SET,M,Beige,39.0
KURTA SET,M,Black,121.0
KURTA SET,M,Blue,386.0
KURTA SET,M,Brown,880.0
KURTA SET,M,Cream,6.0
KURTA SET,M,Dark Green,257.0
KURTA SET,M,Gold,326.0
KURTA SET,M,Green,422.0
KURTA SET,M,Grey,473.0
KURTA SET,M,LEMON,47.0
KURTA SET,M,Light Brown,164.0
KURTA SET,M,Light Green,39.0
KURTA SET,M,Magenta,112.0
KURTA SET,M,Maroon,130.0
KURTA SET,M,Mauve,25.0
KURTA SET,M,Multicolor,119.0
KURTA SET,M,Mustard,511.0
KURTA SET,M,Navy Blue,322.0
KURTA SET,M,OFF WHITE,640.0
KURTA SET,M,Olive,12.0
KURTA SET,M,Olive Green,78.0
KURTA SET,M,Orange,18.0
KURTA SET,M,Peach,990.0
KURTA SET,M,Pink,575.0
KURTA SET,M,Purple,58.0
KURTA SET,M,Red,274.0
KURTA SET,M,Rust,37.0
KURTA SET,M,Sea Green,55.0
KURTA SET,M,Sky Blue,5.0
KURTA SET,M,TEAL BLUE ,8.0
KURTA SET,M,Teal,325.0
KURTA SET,M,Turquoise,40.0
KURTA SET,M,Turquoise Blue,94.0
KURTA SET,M,Turquoise Green,15.0
KURTA SET,M,White,90.0
KURTA SET,M,Wine,6.0
KURTA SET,M,Yellow,278.0
KURTA SET,S,AQUA GREEN,2.0
KURTA SET,S,Beige,42.0
KURTA SET,S,Black,227.0
KURTA SET,S,Blue,364.0
KURTA SET,S,Brown,871.0
KURTA SET,S,Cream,10.0
KURTA SET,S,Dark Green,256.0
KURTA SET,S,Gold,408.0
KURTA SET,S,Green,444.0
KURTA SET,S,Grey,519.0
KURTA SET,S,LEMON,34.0
KURTA SET,S,Light Brown,155.0
KURTA SET,S,Light Green,118.0
KURTA SET,S,Magenta,48.0
KURTA SET,S,Maroon,188.0
KURTA SET,S,Mauve,36.0
KURTA SET,S,Multicolor,38.0
KURTA SET,S,Mustard,859.0
KURTA SET,S,Navy Blue,185.0
KURTA SET,S,OFF WHITE,975.0
KURTA SET,S,Olive,19.0
KURTA SET,S,Olive Green,302.0
KURTA SET,S,Orange,28.0
KURTA SET,S,Peach,949.0
KURTA SET,S,Pink,734.0
KURTA SET,S,Purple,39.0
KURTA SET,S,Red,357.0
KURTA SET,S,Rust,32.0
KURTA SET,S,Sea Green,90.0
KURTA SET,S,Sky Blue,10.0
KURTA SET,S,TEAL BLUE ,3.0
KURTA SET,S,Teal,604.0
KURTA SET,S,Turquoise,76.0
KURTA SET,S,Turquoise Blue,232.0
KURTA SET,S,Turquoise Green,36.0
KURTA SET,S,White,192.0
KURTA SET,S,Wine,15.0
KURTA SET,S,Yellow,390.0
KURTA SET,XL,AQUA GREEN,0.0
KURTA SET,XL,Beige,19.0
KURTA SET,XL,Black,129.0
KURTA SET,XL,Blue,231.0
KURTA SET,XL,Brown,445.0
KURTA SET,XL,Cream,9.0
KURTA SET,XL,Dark Green,221.0
KURTA SET,XL,Gold,90.0
KURTA SET,XL,Green,349.0
KURTA SET,XL,Grey,257.0
KURTA SET,XL,LEMON,3.0
KURTA SET,XL,Light Brown,46.0
KURTA SET,XL,Light Green,34.0
KURTA SET,XL,Magenta,43.0
KURTA SET,XL,Maroon,99.0
KURTA SET,XL,Mauve,18.0
KURTA SET,XL,Multicolor,29.0
KURTA SET,XL,Mustard,819.0
KURTA SET,XL,Navy Blue,143.0
KURTA SET,XL,OFF WHITE,270.0
KURTA SET,XL,Olive,12.0
KURTA SET,XL,Olive Green,134.0
KURTA SET,XL,Orange,43.0
KURTA SET,XL,Peach,499.0
KURTA SET,XL,Pink,418.0
KURTA SET,XL,Purple,40.0
KURTA SET,XL,Red,153.0
KURTA SET,XL,Rust,47.0
KURTA SET,XL,Sea Green,53.0
KURTA SET,XL,Sky Blue,5.0
KURTA SET,XL,TEAL BLUE ,3.0
KURTA SET,XL,Teal,282.0
KURTA SET,XL,Turquoise,44.0
KURTA SET,XL,Turquoise Blue,115.0
KURTA SET,XL,Turquoise Green,46.0
KURTA SET,XL,White,77.0
KURTA SET,XL,Wine,10.0
KURTA SET,XL,Yellow,162.0
KURTA SET,XS,Beige,61.0
KURTA SET,XS,Black,413.0
KURTA SET,XS,Blue,566.0
KURTA SET,XS,Brown,862.0
KURTA SET,XS,Cream,62.0
KURTA SET,XS,Dark Green,291.0
KURTA SET,XS,Gold,309.0
KURTA SET,XS,Green,540.0
KURTA SET,XS,Grey,534.0
KURTA SET,XS,LEMON,56.0
KURTA SET,XS,Light Brown,97.0
KURTA SET,XS,Light Green,116.0
KURTA SET,XS,Magenta,48.0
KURTA SET,XS,Maroon,249.0
KURTA SET,XS,Mauve,25.0
KURTA SET,XS,Multicolor,83.0
KURTA SET,XS,Mustard,995.0
KURTA SET,XS,Navy Blue,430.0
KURTA SET,XS,OFF WHITE,630.0
KURTA SET,XS,Olive,63.0
KURTA SET,XS,Olive Green,65.0
KURTA SET,XS,Orange,65.0
KURTA SET,XS,Peach,717.0
KURTA SET,XS,Pink,604.0
KURTA SET,XS,Purple,19.0
KURTA SET,XS,Red,371.0
KURTA SET,XS,Rust,58.0
KURTA SET,XS,Sea Green,82.0
KURTA SET,XS,Sky Blue,10.0
KURTA SET,XS,TEAL BLUE ,6.0
KURTA SET,XS,Teal,985.0
KURTA SET,XS,Turquoise,48.0
KURTA SET,XS,Turquoise Blue,141.0
KURTA SET,XS,Turquoise Green,68.0
KURTA SET,XS,White,179.0
KURTA SET,XS,Wine,21.0
KURTA SET,XS,Yellow,370.0
KURTA SET,XXL,AQUA GREEN,2.0
KURTA SET,XXL,Beige,21.0
KURTA SET,XXL,Black,143.0
KURTA SET,XXL,Blue,169.0
KURTA SET,XXL,Brown,147.0
KURTA SET,XXL,Cream,7.0
KURTA SET,XXL,Dark Green,30.0
KURTA SET,XXL,Gold,184.0
KURTA SET,XXL,Green,264.0
KURTA SET,XXL,Grey,143.0
KURTA SET,XXL,LEMON,4.0
KURTA SET,XXL,Light Brown,14.0
KURTA SET,XXL,Light Green,56.0
KURTA SET,XXL,Magenta,14.0
KURTA SET,XXL,Maroon,163.0
KURTA SET,XXL,Mauve,28.0
KURTA SET,XXL,Multicolor,108.0
KURTA SET,XXL,Mustard,618.0
KURTA SET,XXL,Navy Blue,75.0
KURTA SET,XXL,OFF WHITE,309.0
KURTA SET,XXL,Olive,5.0
KURTA SET,XXL,Olive Green,84.0
KURTA SET,XXL,Orange,78.0
KURTA SET,XXL,Peach,352.0
KURTA SET,XXL,Pink,414.0
KURTA SET,XXL,Purple,8.0
KURTA SET,XXL,Red,140.0
KURTA SET,XXL,Rust,54.0
KURTA SET,XXL,Sea Green,52.0
KURTA SET,XXL,Sky Blue,11.0
KURTA SET,XXL,TEAL BLUE ,3.0
KURTA SET,XXL,Teal,250.0
KURTA SET,XXL,Turquoise,52.0
KURTA SET,XXL,Turquoise Blue,60.0
KURTA SET,XXL,Turquoise Green,61.0
KURTA SET,XXL,White,113.0
KURTA SET,XXL,Wine,20.0
KURTA SET,XXL,Yellow,218.0
KURTA SET,XXXL,Beige,45.0
KURTA SET,XXXL,Black,117.0
KURTA SET,XXXL,Blue,135.0
KURTA SET,XXXL,Brown,51.0
KURTA SET,XXXL,Cream,12.0
KURTA SET,XXXL,Dark Green,137.0
KURTA SET,XXXL,Gold,64.0
KURTA SET,XXXL,Green,359.0
KURTA SET,XXXL,Grey,198.0
KURTA SET,XXXL,LEMON,4.0
KURTA SET,XXXL,Light Brown,52.0
KURTA SET,XXXL,Light Green,71.0
KURTA SET,XXXL,Magenta,12.0
KURTA SET,XXXL,Maroon,80.0
KURTA SET,XXXL,Mauve,29.0
KURTA SET,XXXL,Multicolor,171.0
KURTA SET,XXXL,Mustard,430.0
KURTA SET,XXXL,Navy Blue,41.0
KURTA SET,XXXL,OFF WHITE,270.0
KURTA SET,XXXL,Olive,30.0
KURTA SET,XXXL,Olive Green,33.0
KURTA SET,XXXL,Orange,70.0
KURTA SET,XXXL,Peach,231.0
KURTA SET,XXXL,Pink,398.0
KURTA SET,XXXL,Purple,36.0
KURTA SET,XXXL,Red,117.0
KURTA SET,XXXL,Rust,112.0
KURTA SET,XXXL,Sea Green,38.0
KURTA SET,XXXL,Sky Blue,8.0
KURTA SET,XXXL,TEAL BLUE ,2.0
KURTA SET,XXXL,Teal,271.0
KURTA SET,XXXL,Turquoise,39.0
KURTA SET,XXXL,Turquoise Blue,18.0
KURTA SET,XXXL,Turquoise Green,10.0
KURTA SET,XXXL,White,86.0
KURTA SET,XXXL,Wine,6.0
KURTA SET,XXXL,Yellow,176.0
KURTI,L,Brown,39.0
KURTI,L,Navy Blue,66.0
KURTI,L,Pink,60.0
KURTI,L,Teal,71.0
KURTI,M,Brown,40.0
KURTI,M,Navy Blue,68.0
KURTI,M,Pink,65.0
KURTI,M,Teal,70.0
KURTI,S,Brown,41.0
KURTI,S,Navy Blue,72.0
KURTI,S,Pink,68.0
KURTI,S,Teal,71.0
KURTI,XL,Brown,33.0
KURTI,XL,Navy Blue,71.0
KURTI,XL,Pink,62.0
KURTI,XL,Teal,72.0
KURTI,XS,Brown,35.0
KURTI,XS,Navy Blue,58.0
KURTI,XS,Pink,52.0
KURTI,XS,Teal,58.0
KURTI,XXL,Brown,32.0
KURTI,XXL,Navy Blue,70.0
KURTI,XXL,Pink,67.0
KURTI,XXL,Teal,70.0
KURTI,XXXL,Brown,30.0
KURTI,XXXL,Navy Blue,56.0
KURTI,XXXL,Pink,50.0
KURTI,XXXL,Teal,58.0
LEHENGA CHOLI,L,Mustard,28.0
LEHENGA CHOLI,L,Peach,11.0
LEHENGA CHOLI,L,Pink,71.0
LEHENGA CHOLI,L,Teal,33.0
LEHENGA CHOLI,L,White,5.0
LEHENGA CHOLI,M,Mustard,4.0
LEHENGA CHOLI,M,Peach,3.0
LEHENGA CHOLI,M,Pink,13.0
LEHENGA CHOLI,M,Teal,10.0
LEHENGA CHOLI,M,White,0.0
LEHENGA CHOLI,S,Mustard,70.0
LEHENGA CHOLI,S,Peach,14.0
LEHENGA CHOLI,S,Pink,9.0
LEHENGA CHOLI,S,Teal,5.0
LEHENGA CHOLI,S,White,3.0
LEHENGA CHOLI,XL,Mustard,27.0
LEHENGA CHOLI,XL,Peach,10.0
LEHENGA CHOLI,XL,Pink,3.0
LEHENGA CHOLI,XL,Teal,40.0
LEHENGA CHOLI,XL,White,7.0
LEHENGA CHOLI,XS,Mustard,17.0
LEHENGA CHOLI,XS,Peach,7.0
LEHENGA CHOLI,XS,Pink,7.0
LEHENGA CHOLI,XS,Teal,14.0
LEHENGA CHOLI,XS,White,1.0
LEHENGA CHOLI,XXL,Mustard,29.0
LEHENGA CHOLI,XXL,Peach,37.0
LEHENGA CHOLI,XXL,Pink,41.0
LEHENGA CHOLI,XXL,Teal,31.0
LEHENGA CHOLI,XXL,White,17.0
LEHENGA CHOLI,XXXL,Mustard,72.0
LEHENGA CHOLI,XXXL,Peach,45.0
LEHENGA CHOLI,XXXL,Pink,29.0
LEHENGA CHOLI,XXXL,Teal,15.0
LEHENGA CHOLI,XXXL,White,8.0
NIGHT WEAR,L,Beige,35.0
NIGHT WEAR,L,Blue,46.0
NIGHT WEAR,L,Cream,2.0
NIGHT WEAR,L,Green,2.0
NIGHT WEAR,L,Grey,24.0
NIGHT WEAR,L,Light Pink,8.0
NIGHT WEAR,L,Maroon,6.0
NIGHT WEAR,L,Navy Blue,40.0
NIGHT WEAR,L,OFF WHITE,28.0
NIGHT WEAR,L,Peach,4.0
NIGHT WEAR,L,Pink,5.0
NIGHT WEAR,L,Turquoise,22.0
NIGHT WEAR,L,Turquoise Blue,36.0
NIGHT WEAR,L,White,77.0
NIGHT WEAR,L,Yellow,37.0
NIGHT WEAR,M,Beige,27.0
NIGHT WEAR,M,Blue,83.0
NIGHT WEAR,M,Cream,3.0
NIGHT WEAR,M,Green,5.0
NIGHT WEAR,M,Grey,19.0
NIGHT WEAR,M,Light Pink,8.0
NIGHT WEAR,M,Maroon,15.0
NIGHT WEAR,M,Navy Blue,61.0
NIGHT WEAR,M,OFF WHITE,51.0
NIGHT WEAR,M,Peach,4.0
NIGHT WEAR,M,Pink,10.0
NIGHT WEAR,M,Turquoise,19.0
NIGHT WEAR,M,Turquoise Blue,25.0
NIGHT WEAR,M,White,85.0
NIGHT WEAR,M,Yellow,33.0
NIGHT WEAR,S,Beige,13.0
NIGHT WEAR,S,Blue,57.0
NIGHT WEAR,S,Cream,26.0
NIGHT WEAR,S,Green,3.0
NIGHT WEAR,S,Grey,59.0
NIGHT WEAR,S,Light Pink,30.0
NIGHT WEAR,S,Maroon,8.0
NIGHT WEAR,S,Navy Blue,56.0
NIGHT WEAR,S,OFF WHITE,41.0
NIGHT WEAR,S,Peach,6.0
NIGHT WEAR,S,Pink,13.0
NIGHT WEAR,S,Turquoise,31.0
NIGHT WEAR,S,Turquoise Blue,39.0
NIGHT WEAR,S,White,104.0
NIGHT WEAR,S,Yellow,34.0
NIGHT WEAR,XL,Beige,31.0
NIGHT WEAR,XL,Blue,84.0
NIGHT WEAR,XL,Cream,3.0
NIGHT WEAR,XL,Green,4.0
NIGHT WEAR,XL,Grey,49.0
NIGHT WEAR,XL,Light Pink,5.0
NIGHT WEAR,XL,Maroon,12.0
NIGHT WEAR,XL,Navy Blue,50.0
NIGHT WEAR,XL,OFF WHITE,58.0
NIGHT WEAR,XL,Peach,8.0
NIGHT WEAR,XL,Pink,11.0
NIGHT WEAR,XL,Turquoise,45.0
NIGHT WEAR,XL,Turquoise Blue,29.0
NIGHT WEAR,XL,White,86.0
NIGHT WEAR,XL,Yellow,28.0
NIGHT WEAR,XS,Beige,28.0
NIGHT WEAR,XS,Blue,109.0
NIGHT WEAR,XS,Cream,41.0
NIGHT WEAR,XS,Green,9.0
NIGHT WEAR,XS,Grey,108.0
NIGHT WEAR,XS,Light Pink,60.0
NIGHT WEAR,XS,Maroon,14.0
NIGHT WEAR,XS,Navy Blue,72.0
NIGHT WEAR,XS,OFF WHITE,26.0
NIGHT WEAR,XS,Peach,10.0
NIGHT WEAR,XS,Pink,17.0
NIGHT WEAR,XS,Turquoise,22.0
NIGHT WEAR,XS,Turquoise Blue,19.0
NIGHT WEAR,XS,White,70.0
NIGHT WEAR,XS,Yellow,26.0
NIGHT WEAR,XXL,Beige,26.0
NIGHT WEAR,XXL,Blue,87.0
NIGHT WEAR,XXL,Cream,3.0
NIGHT WEAR,XXL,Green,4.0
NIGHT WEAR,XXL,Grey,56.0
NIGHT WEAR,XXL,Light Pink,12.0
NIGHT WEAR,XXL,Maroon,26.0
NIGHT WEAR,XXL,Navy Blue,41.0
NIGHT WEAR,XXL,OFF WHITE,43.0
NIGHT WEAR,XXL,Peach,15.0
NIGHT WEAR,XXL,Pink,19.0
NIGHT WEAR,XXL,Turquoise,23.0
NIGHT WEAR,XXL,Turquoise Blue,26.0
NIGHT WEAR,XXL,White,77.0
NIGHT WEAR,XXL,Yellow,31.0
NIGHT WEAR,XXXL,Beige,7.0
NIGHT WEAR,XXXL,Blue,62.0
NIGHT WEAR,XXXL,Cream,2.0
NIGHT WEAR,XXXL,Green,2.0
NIGHT WEAR,XXXL,Grey,18.0
NIGHT WEAR,XXXL,Light Pink,10.0
NIGHT WEAR,XXXL,Maroon,25.0
NIGHT WEAR,XXXL,Navy Blue,12.0
NIGHT WEAR,XXXL,OFF WHITE,29.0
NIGHT WEAR,XXXL,Peach,12.0
NIGHT WEAR,XXXL,Pink,5.0
NIGHT WEAR,XXXL,Turquoise,4.0
NIGHT WEAR,XXXL,Turquoise Blue,53.0
NIGHT WEAR,XXXL,White,63.0
NIGHT WEAR,XXXL,Yellow,21.0
PALAZZO,L,Black,3.0
PALAZZO,L,Brown,2.0
PALAZZO,L,Green,3.0
PALAZZO,L,Grey,6.0
PALAZZO,L,Khaki,2.0
PALAZZO,L,Maroon,2.0
PALAZZO,L,Mustard,3.0
PALAZZO,L,Navy Blue,3.0
PALAZZO,L,Olive Green,4.0
PALAZZO,L,Pink,3.0
PALAZZO,L,Red,3.0
PALAZZO,L,Teal,2.0
PALAZZO,L,White,2.0
PALAZZO,M,Black,2.0
PALAZZO,M,Brown,4.0
PALAZZO,M,Green,3.0
PALAZZO,M,Grey,5.0
PALAZZO,M,Khaki,2.0
PALAZZO,M,Maroon,3.0
PALAZZO,M,Mustard,3.0
PALAZZO,M,Navy Blue,10.0
PALAZZO,M,Olive Green,3.0
PALAZZO,M,Pink,10.0
PALAZZO,M,Red,10.0
PALAZZO,M,Teal,4.0
PALAZZO,M,White,2.0
PALAZZO,S,Black,6.0
PALAZZO,S,Brown,36.0
PALAZZO,S,Green,6.0
PALAZZO,S,Grey,51.0
PALAZZO,S,Khaki,4.0
PALAZZO,S,Maroon,5.0
PALAZZO,S,Mustard,29.0
PALAZZO,S,Navy Blue,29.0
PALAZZO,S,Olive Green,34.0
PALAZZO,S,Pink,15.0
PALAZZO,S,Red,8.0
PALAZZO,S,Teal,7.0
PALAZZO,S,White,4.0
PALAZZO,XL,Black,2.0
PALAZZO,XL,Brown,3.0
PALAZZO,XL,Green,2.0
PALAZZO,XL,Grey,7.0
PALAZZO,XL,Khaki,3.0
PALAZZO,XL,Maroon,2.0
PALAZZO,XL,Mustard,3.0
PALAZZO,XL,Navy Blue,3.0
PALAZZO,XL,Olive Green,4.0
PALAZZO,XL,Pink,6.0
PALAZZO,XL,Red,6.0
PALAZZO,XL,Teal,3.0
PALAZZO,XL,White,2.0
PALAZZO,XS,Black,30.0
PALAZZO,XS,Brown,35.0
PALAZZO,XS,Green,51.0
PALAZZO,XS,Grey,50.0
PALAZZO,XS,Khaki,8.0
PALAZZO,XS,Maroon,55.0
PALAZZO,XS,Mustard,55.0
PALAZZO,XS,Navy Blue,27.0
PALAZZO,XS,Olive Green,26.0
PALAZZO,XS,Pink,32.0
PALAZZO,XS,Red,33.0
PALAZZO,XS,Teal,21.0
PALAZZO,XS,White,11.0
PALAZZO,XXL,Black,3.0
PALAZZO,XXL,Brown,4.0
PALAZZO,XXL,Green,16.0
PALAZZO,XXL,Grey,7.0
PALAZZO,XXL,Khaki,3.0
PALAZZO,XXL,Maroon,3.0
PALAZZO,XXL,Mustard,6.0
PALAZZO,XXL,Navy Blue,2.0
PALAZZO,XXL,Olive Green,24.0
PALAZZO,XXL,Pink,11.0
PALAZZO,XXL,Red,3.0
PALAZZO,XXL,Teal,3.0
PALAZZO,XXL,White,2.0
PALAZZO,XXXL,Black,1.0
PALAZZO,XXXL,Brown,2.0
PALAZZO,XXXL,Green,16.0
PALAZZO,XXXL,Grey,7.0
PALAZZO,XXXL,Khaki,3.0
PALAZZO,XXXL,Maroon,5.0
PALAZZO,XXXL,Mustard,3.0
PALAZZO,XXXL,Navy Blue,3.0
PALAZZO,XXXL,Olive Green,6.0
PALAZZO,XXXL,Pink,4.0
PALAZZO,XXXL,Red,6.0
PALAZZO,XXXL,Teal,3.0
PALAZZO,XXXL,White,4.0
PANT,L,Beige,2.0
PANT,L,Black,398.0
PANT,L,Brown,43.0
PANT,L,Dark Green,0.0
PANT,L,Green,14.0
PANT,L,Grey,6.0
PANT,L,Maroon,32.0
PANT,L,Mustard,0.0
PANT,L,Navy Blue,136.0
PANT,L,Pink,1.0
PANT,L,Red,1.0
PANT,L,Turquoise Blue,0.0
PANT,L,White,61.0
PANT,M,Beige,4.0
PANT,M,Black,250.0
PANT,M,Brown,6.0
PANT,M,Dark Green,1.0
PANT,M,Green,14.0
PANT,M,Grey,1.0
PANT,M,Maroon,25.0
PANT,M,Mustard,0.0
PANT,M,Navy Blue,63.0
PANT,M,Pink,1.0
PANT,M,Red,6.0
PANT,M,Turquoise Blue,1.0
PANT,M,White,40.0
PANT,S,Beige,1.0
PANT,S,Black,347.0
PANT,S,Brown,56.0
PANT,S,Dark Green,8.0
PANT,S,Green,37.0
PANT,S,Grey,5.0
PANT,S,Maroon,35.0
PANT,S,Mustard,4.0
PANT,S,Navy Blue,134.0
PANT,S,Pink,2.0
PANT,S,Red,6.0
PANT,S,Turquoise Blue,1.0
PANT,S,White,85.0
PANT,XL,Beige,2.0
PANT,XL,Black,75.0
PANT,XL,Brown,13.0
PANT,XL,Dark Green,1.0
PANT,XL,Green,8.0
PANT,XL,Grey,10.0
PANT,XL,Maroon,24.0
PANT,XL,Mustard,1.0
PANT,XL,Navy Blue,176.0
PANT,XL,Pink,1.0
PANT,XL,Red,0.0
PANT,XL,Turquoise Blue,1.0
PANT,XL,White,22.0
PANT,XS,Beige,2.0
PANT,XS,Black,88.0
PANT,XS,Brown,20.0
PANT,XS,Dark Green,7.0
PANT,XS,Green,25.0
PANT,XS,Grey,21.0
PANT,XS,Maroon,40.0
PANT,XS,Mustard,12.0
PANT,XS,Navy Blue,41.0
PANT,XS,Pink,5.0
PANT,XS,Red,23.0
PANT,XS,Turquoise Blue,5.0
PANT,XS,White,158.0
PANT,XXL,Beige,0.0
PANT,XXL,Black,21.0
PANT,XXL,Brown,56.0
PANT,XXL,Dark Green,1.0
PANT,XXL,Green,25.0
PANT,XXL,Grey,6.0
PANT,XXL,Maroon,4.0
PANT,XXL,Mustard,3.0
PANT,XXL,Navy Blue,92.0
PANT,XXL,Pink,3.0
PANT,XXL,Red,0.0
PANT,XXL,Turquoise Blue,3.0
PANT,XXL,White,158.0
PANT,XXXL,Beige,1.0
PANT,XXXL,Black,59.0
PANT,XXXL,Brown,50.0
PANT,XXXL,Dark Green,5.0
PANT,XXXL,Green,16.0
PANT,XXXL,Grey,15.0
PANT,XXXL,Maroon,4.0
PANT,XXXL,Mustard,4.0
PANT,XXXL,Navy Blue,102.0
PANT,XXXL,Pink,1.0
PANT,XXXL,Red,3.0
PANT,XXXL,Turquoise Blue,2.0
PANT,XXXL,White,194.0
SAREE,FREE,Beige,75.0
SAREE,FREE,Black,129.0
SAREE,FREE,Blue,171.0
SAREE,FREE,Brown,100.0
SAREE,FREE,Cream,2.0
SAREE,FREE,Gold,4.0
SAREE,FREE,Green,384.0
SAREE,FREE,Grey,100.0
SAREE,FREE,Maroon,84.0
SAREE,FREE,Mauve,43.0
SAREE,FREE,Multicolor,104.0
SAREE,FREE,Mustard,51.0
SAREE,FREE,NO REFERENCE,16.0
SAREE,FREE,Navy Blue,6.0
SAREE,FREE,Orange,42.0
SAREE,FREE,Peach,161.0
SAREE,FREE,Pink,466.0
SAREE,FREE,Purple,205.0
SAREE,FREE,Red,119.0
SAREE,FREE,Rust,25.0
SAREE,FREE,Sea Green,28.0
SAREE,FREE,Teal,348.0
SAREE,FREE,Turquoise Blue,28.0
SAREE,FREE,Yellow,86.0
SET,4XL,Gold,30.0
SET,4XL,OFF WHITE,45.0
SET,4XL,Teal,4.0
SET,5XL,Gold,39.0
SET,5XL,OFF WHITE,26.0
SET,5XL,Teal,2.0
SET,6XL,Gold,24.0
SET,6XL,OFF WHITE,37.0
SET,6XL,Teal,0.0
SET,L,BURGUNDY,7.0
SET,L,Beige,63.0
SET,L,Black,111.0
SET,L,Blue,99.0
SET,L,Brown,53.0
SET,L,CORAL,16.0
SET,L,Cream,74.0
SET,L,Dark Blue,51.0
SET,L,Dark Green,9.0
SET,L,Gold,47.0
SET,L,Green,314.0
SET,L,Grey,81.0
SET,L,LIGHT YELLOW,9.0
SET,L,Light Green,8.0
SET,L,Light Pink,48.0
SET,L,Magenta,72.0
SET,L,Maroon,330.0
SET,L,Multicolor,5.0
SET,L,Mustard,60.0
SET,L,NAVY,53.0
SET,L,Navy Blue,63.0
SET,L,OFF WHITE,16.0
SET,L,Orange,0.0
SET,L,Peach,105.0
SET,L,Pink,503.0
SET,L,Purple,23.0
SET,L,Red,12.0
SET,L,Rust,17.0
SET,L,Sea Green,9.0
SET,L,Sky Blue,33.0
SET,L,TEAL BLUE ,37.0
SET,L,Teal,150.0
SET,L,Turquoise Green,13.0
SET,L,White,82.0
SET,L,Wine,271.0
SET,L,Yellow,107.0
SET,M,BURGUNDY,9.0
SET,M,Beige,67.0
SET,M,Black,207.0
SET,M,Blue,128.0
SET,M,Brown,68.0
SET,M,CORAL,31.0
SET,M,Cream,155.0
SET,M,Dark Blue,79.0
SET,M,Dark Green,10.0
SET,M,Gold,91.0
SET,M,Green,721.0
SET,M,Grey,77.0
SET,M,LIGHT YELLOW,6.0
SET,M,Light Green,77.0
SET,M,Light Pink,27.0
SET,M,Magenta,59.0
SET,M,Maroon,363.0
SET,M,Multicolor,10.0
SET,M,Mustard,45.0
SET,M,NAVY,18.0
SET,M,Navy Blue,102.0
SET,M,OFF WHITE,25.0
SET,M,Orange,0.0
SET,M,Peach,113.0
SET,M,Pink,492.0
SET,M,Purple,30.0
SET,M,Red,20.0
SET,M,Rust,19.0
SET,M,Sea Green,10.0
SET,M,Sky Blue,64.0
SET,M,TEAL BLUE ,36.0
SET,M,Teal,157.0
SET,M,Turquoise Green,13.0
SET,M,White,74.0
SET,M,Wine,259.0
SET,M,Yellow,102.0
SET,S,BURGUNDY,3.0
SET,S,Beige,135.0
SET,S,Black,255.0
SET,S,Blue,180.0
SET,S,Brown,98.0
SET,S,CORAL,33.0
SET,S,Cream,74.0
SET,S,Dark Blue,59.0
SET,S,Dark Green,11.0
SET,S,Gold,32.0
SET,S,Green,502.0
SET,S,Grey,69.0
SET,S,LIGHT YELLOW,48.0
SET,S,Light Green,117.0
SET,S,Light Pink,49.0
SET,S,Magenta,118.0
SET,S,Maroon,399.0
SET,S,Multicolor,29.0
SET,S,Mustard,39.0
SET,S,NAVY,6.0
SET,S,Navy Blue,146.0
SET,S,OFF WHITE,101.0
SET,S,Orange,0.0
SET,S,Peach,122.0
SET,S,Pink,521.0
SET,S,Purple,28.0
SET,S,Red,62.0
SET,S,Rust,16.0
SET,S,Sea Green,45.0
SET,S,Sky Blue,96.0
SET,S,TEAL BLUE ,27.0
SET,S,Teal,192.0
SET,S,Turquoise Green,7.0
SET,S,White,115.0
SET,S,Wine,279.0
SET,S,Yellow,162.0
SET,XL,BURGUNDY,11.0
SET,XL,Beige,43.0
SET,XL,Black,229.0
SET,XL,Blue,133.0
SET,XL,Brown,96.0
SET,XL,CORAL,34.0
SET,XL,Cream,54.0
SET,XL,Dark Blue,60.0
SET,XL,Dark Green,27.0
SET,XL,Gold,31.0
SET,XL,Green,367.0
SET,XL,Grey,74.0
SET,XL,LIGHT YELLOW,11.0
SET,XL,Light Green,73.0
SET,XL,Light Pink,27.0
SET,XL,Magenta,78.0
SET,XL,Maroon,351.0
SET,XL,Multicolor,3.0
SET,XL,Mustard,68.0
SET,XL,NAVY,34.0
SET,XL,Navy Blue,91.0
SET,XL,OFF WHITE,31.0
SET,XL,Orange,0.0
SET,XL,Peach,122.0
SET,XL,Pink,425.0
SET,XL,Purple,25.0
SET,XL,Red,23.0
SET,XL,Rust,22.0
SET,XL,Sea Green,12.0
SET,XL,Sky Blue,37.0
SET,XL,TEAL BLUE ,37.0
SET,XL,Teal,140.0
SET,XL,Turquoise Green,17.0
SET,XL,White,89.0
SET,XL,Wine,267.0
SET,XL,Yellow,140.0
SET,XS,Beige,154.0
SET,XS,Black,302.0
SET,XS,Blue,181.0
SET,XS,Brown,56.0
SET,XS,CORAL,18.0
SET,XS,Cream,67.0
SET,XS,Dark Blue,62.0
SET,XS,Dark Green,11.0
SET,XS,Gold,28.0
SET,XS,Green,451.0
SET,XS,Grey,94.0
SET,XS,LIGHT YELLOW,57.0
SET,XS,Light Green,94.0
SET,XS,Light Pink,58.0
SET,XS,Magenta,97.0
SET,XS,Maroon,414.0
SET,XS,Multicolor,55.0
SET,XS,Mustard,28.0
SET,XS,NAVY,38.0
SET,XS,Navy Blue,120.0
SET,XS,OFF WHITE,56.0
SET,XS,Orange,3.0
SET,XS,Peach,78.0
SET,XS,Pink,426.0
SET,XS,Purple,16.0
SET,XS,Red,56.0
SET,XS,Sea Green,75.0
SET,XS,Sky Blue,101.0
SET,XS,Teal,132.0
SET,XS,Turquoise Green,0.0
SET,XS,White,114.0
SET,XS,Wine,224.0
SET,XS,Yellow,155.0
SET,XXL,BURGUNDY,3.0
SET,XXL,Beige,65.0
SET,XXL,Black,221.0
SET,XXL,Blue,158.0
SET,XXL,Brown,94.0
SET,XXL,CORAL,24.0
SET,XXL,Cream,132.0
SET,XXL,Dark Blue,60.0
SET,XXL,Dark Green,46.0
SET,XXL,Gold,29.0
SET,XXL,Green,289.0
SET,XXL,Grey,52.0
SET,XXL,LIGHT YELLOW,8.0
SET,XXL,Light Green,98.0
SET,XXL,Light Pink,12.0
SET,XXL,Magenta,86.0
SET,XXL,Maroon,387.0
SET,XXL,Multicolor,8.0
SET,XXL,Mustard,86.0
SET,XXL,NAVY,34.0
SET,XXL,Navy Blue,117.0
SET,XXL,OFF WHITE,68.0
SET,XXL,Orange,0.0
SET,XXL,Peach,88.0
SET,XXL,Pink,436.0
SET,XXL,Purple,30.0
SET,XXL,Red,34.0
SET,XXL,Rust,19.0
SET,XXL,Sea Green,13.0
SET,XXL,Sky Blue,69.0
SET,XXL,TEAL BLUE ,28.0
SET,XXL,Teal,153.0
SET,XXL,Turquoise Green,2.0
SET,XXL,White,103.0
SET,XXL,Wine,313.0
SET,XXL,Yellow,170.0
SET,XXXL,Beige,79.0
SET,XXXL,Black,225.0
SET,XXXL,Blue,102.0
SET,XXXL,Brown,70.0
SET,XXXL,CORAL,7.0
SET,XXXL,Cream,112.0
SET,XXXL,Dark Blue,65.0
SET,XXXL,Dark Green,30.0
SET,XXXL,Gold,21.0
SET,XXXL,Green,232.0
SET,XXXL,Grey,69.0
SET,XXXL,LIGHT YELLOW,5.0
SET,XXXL,Light Green,80.0
SET,XXXL,Light Pink,14.0
SET,XXXL,Magenta,59.0
SET,XXXL,Maroon,319.0
SET,XXXL,Multicolor,26.0
SET,XXXL,Mustard,61.0
SET,XXXL,NAVY,37.0
SET,XXXL,Navy Blue,106.0
SET,XXXL,OFF WHITE,58.0
SET,XXXL,Orange,0.0
SET,XXXL,Peach,76.0
SET,XXXL,Pink,357.0
SET,XXXL,Purple,9.0
SET,XXXL,Red,54.0
SET,XXXL,Sea Green,13.0
SET,XXXL,Sky Blue,54.0
SET,XXXL,Teal,125.0
SET,XXXL,Turquoise Green,0.0
SET,XXXL,White,81.0
SET,XXXL,Wine,254.0
SET,XXXL,Yellow,108.0
SHARARA,L,Black,49.0
SHARARA,L,Cream,46.0
SHARARA,L,Navy Blue,30.0
SHARARA,L,Pink,32.0
SHARARA,L,Red,17.0
SHARARA,L,TEAL BLUE ,19.0
SHARARA,M,Black,61.0
SHARARA,M,Cream,53.0
SHARARA,M,Navy Blue,30.0
SHARARA,M,Pink,27.0
SHARARA,M,Red,34.0
SHARARA,M,TEAL BLUE ,22.0
SHARARA,S,Black,66.0
SHARARA,S,Cream,59.0
SHARARA,S,Navy Blue,31.0
SHARARA,S,Pink,42.0
SHARARA,S,Red,41.0
SHARARA,S,TEAL BLUE ,29.0
SHARARA,XL,Black,63.0
SHARARA,XL,Cream,53.0
SHARARA,XL,Navy Blue,33.0
SHARARA,XL,Pink,37.0
SHARARA,XL,Red,36.0
SHARARA,XL,TEAL BLUE ,25.0
SHARARA,XXL,Black,66.0
SHARARA,XXL,Cream,55.0
SHARARA,XXL,Navy Blue,31.0
SHARARA,XXL,Pink,36.0
SHARARA,XXL,Red,39.0
SHARARA,XXL,TEAL BLUE ,28.0
SKIRT,L,Black,64.0
SKIRT,L,OFF WHITE,60.0
SKIRT,M,Black,65.0
SKIRT,M,OFF WHITE,65.0
SKIRT,S,Black,71.0
SKIRT,S,OFF WHITE,70.0
SKIRT,XL,Black,69.0
SKIRT,XL,OFF WHITE,68.0
SKIRT,XXL,Black,71.0
SKIRT,XXL,OFF WHITE,70.0
TOP,FREE,Blue,0.0
TOP,L,BURGUNDY,8.0
TOP,L,Beige,64.0
TOP,L,Black,115.0
TOP,L,Blue,252.0
TOP,L,Brown,6.0
TOP,L,Cream,113.0
TOP,L,Dark Blue,1.0
TOP,L,Dark Green,1.0
TOP,L,Green,165.0
TOP,L,Grey,49.0
TOP,L,LIGHT YELLOW,1.0
TOP,L,LIME GREEN,2.0
TOP,L,Light Green,66.0
TOP,L,Light Pink,40.0
TOP,L,MINT,32.0
TOP,L,Maroon,157.0
TOP,L,Mauve,3.0
TOP,L,Multicolor,9.0
TOP,L,Mustard,120.0
TOP,L,Navy Blue,256.0
TOP,L,OFF WHITE,14.0
TOP,L,Olive,1.0
TOP,L,Orange,35.0
TOP,L,Peach,5.0
TOP,L,Pink,76.0
TOP,L,Red,485.0
TOP,L,Rust,20.0
TOP,L,Sea Green,23.0
TOP,L,Sky Blue,20.0
TOP,L,Teal,110.0
TOP,L,Turquoise Blue,4.0
TOP,L,White,75.0
TOP,L,Yellow,88.0
TOP,M,BURGUNDY,4.0
TOP,M,Beige,47.0
TOP,M,Black,201.0
TOP,M,Blue,321.0
TOP,M,Brown,4.0
TOP,M,Cream,90.0
TOP,M,Dark Blue,0.0
TOP,M,Dark Green,1.0
TOP,M,Green,116.0
TOP,M,Grey,44.0
TOP,M,LIGHT YELLOW,1.0
TOP,M,LIME GREEN,3.0
TOP,M,Light Green,78.0
TOP,M,Light Pink,43.0
TOP,M,MINT,35.0
TOP,M,Maroon,94.0
TOP,M,Mauve,3.0
TOP,M,Multicolor,9.0
TOP,M,Mustard,188.0
TOP,M,Navy Blue,181.0
TOP,M,OFF WHITE,5.0
TOP,M,Olive,2.0
TOP,M,Orange,93.0
TOP,M,Peach,4.0
TOP,M,Pink,69.0
TOP,M,Red,630.0
TOP,M,Rust,25.0
TOP,M,Sea Green,8.0
TOP,M,Sky Blue,15.0
TOP,M,Teal,197.0
TOP,M,Turquoise Blue,2.0
TOP,M,White,220.0
TOP,M,Yellow,71.0
TOP,S,BURGUNDY,3.0
TOP,S,Beige,74.0
TOP,S,Black,76.0
TOP,S,Blue,379.0
TOP,S,Brown,3.0
TOP,S,Cream,102.0
TOP,S,Dark Blue,0.0
TOP,S,Dark Green,0.0
TOP,S,Green,98.0
TOP,S,Grey,6.0
TOP,S,LIGHT YELLOW,0.0
TOP,S,LIME GREEN,6.0
TOP,S,Light Green,75.0
TOP,S,Light Pink,68.0
TOP,S,MINT,41.0
TOP,S,Maroon,67.0
TOP,S,Mauve,15.0
TOP,S,Multicolor,19.0
TOP,S,Mustard,148.0
TOP,S,Navy Blue,145.0
TOP,S,OFF WHITE,9.0
TOP,S,Olive,0.0
TOP,S,Orange,94.0
TOP,S,Peach,9.0
TOP,S,Pink,122.0
TOP,S,Red,554.0
TOP,S,Rust,31.0
TOP,S,Sea Green,18.0
TOP,S,Sky Blue,24.0
TOP,S,Teal,149.0
TOP,S,Turquoise Blue,6.0
TOP,S,White,161.0
TOP,S,Yellow,82.0
TOP,XL,BURGUNDY,4.0
TOP,XL,Beige,46.0
TOP,XL,Black,150.0
TOP,XL,Blue,297.0
TOP,XL,Brown,3.0
TOP,XL,Cream,135.0
TOP,XL,Dark Blue,0.0
TOP,XL,Green,58.0
TOP,XL,Grey,10.0
TOP,XL,LIGHT YELLOW,2.0
TOP,XL,LIME GREEN,1.0
TOP,XL,Light Green,106.0
TOP,XL,Light Pink,32.0
TOP,XL,MINT,32.0
TOP,XL,Maroon,71.0
TOP,XL,Mauve,1.0
TOP,XL,Multicolor,7.0
TOP,XL,Mustard,250.0
TOP,XL,Navy Blue,199.0
TOP,XL,OFF WHITE,13.0
TOP,XL,Olive,0.0
TOP,XL,Orange,17.0
TOP,XL,Peach,9.0
TOP,XL,Pink,98.0
TOP,XL,Red,358.0
TOP,XL,Rust,30.0
TOP,XL,Sea Green,20.0
TOP,XL,Sky Blue,26.0
TOP,XL,Teal,162.0
TOP,XL,Turquoise Blue,3.0
TOP,XL,White,159.0
TOP,XL,Yellow,113.0
TOP,XS,BURGUNDY,13.0
TOP,XS,Beige,69.0
TOP,XS,Black,50.0
TOP,XS,Blue,383.0
TOP,XS,Cream,78.0
TOP,XS,Dark Green,0.0
TOP,XS,Green,189.0
TOP,XS,Grey,16.0
TOP,XS,LIME GREEN,5.0
TOP,XS,Light Green,80.0
TOP,XS,Light Pink,70.0
TOP,XS,MINT,34.0
TOP,XS,Maroon,89.0
TOP,XS,Mauve,30.0
TOP,XS,Multicolor,25.0
TOP,XS,Mustard,110.0
TOP,XS,Navy Blue,136.0
TOP,XS,OFF WHITE,13.0
TOP,XS,Olive,11.0
TOP,XS,Orange,113.0
TOP,XS,Peach,16.0
TOP,XS,Pink,136.0
TOP,XS,Red,456.0
TOP,XS,Rust,21.0
TOP,XS,Sea Green,19.0
TOP,XS,Sky Blue,12.0
TOP,XS,Teal,98.0
TOP,XS,Turquoise Blue,4.0
TOP,XS,Turquoise Green,0.0
TOP,XS,White,136.0
TOP,XS,Yellow,71.0
TOP,XXL,BURGUNDY,3.0
TOP,XXL,Beige,80.0
TOP,XXL,Black,111.0
TOP,XXL,Blue,231.0
TOP,XXL,Brown,4.0
TOP,XXL,Cream,109.0
TOP,XXL,Dark Blue,0.0
TOP,XXL,Dark Green,0.0
TOP,XXL,Green,67.0
TOP,XXL,Grey,32.0
TOP,XXL,LIGHT YELLOW,2.0
TOP,XXL,LIME GREEN,3.0
TOP,XXL,Light Green,87.0
TOP,XXL,Light Pink,46.0
TOP,XXL,MINT,34.0
TOP,XXL,Maroon,76.0
TOP,XXL,Mauve,4.0
TOP,XXL,Multicolor,7.0
TOP,XXL,Mustard,161.0
TOP,XXL,Navy Blue,185.0
TOP,XXL,OFF WHITE,9.0
TOP,XXL,Olive,2.0
TOP,XXL,Orange,40.0
TOP,XXL,Peach,13.0
TOP,XXL,Pink,91.0
TOP,XXL,Red,409.0
TOP,XXL,Rust,34.0
TOP,XXL,Sea Green,12.0
TOP,XXL,Sky Blue,16.0
TOP,XXL,Teal,126.0
TOP,XXL,Turquoise Blue,6.0
TOP,XXL,White,148.0
TOP,XXL,Yellow,100.0
TOP,XXXL,BURGUNDY,10.0
TOP,XXXL,Beige,59.0
TOP,XXXL,Black,37.0
TOP,XXXL,Blue,190.0
TOP,XXXL,Cream,128.0
TOP,XXXL,Dark Blue,1.0
TOP,XXXL,Dark Green,1.0
TOP,XXXL,Green,34.0
TOP,XXXL,Grey,1.0
TOP,XXXL,LIME GREEN,1.0
TOP,XXXL,Light Green,64.0
TOP,XXXL,Light Pink,42.0
TOP,XXXL,MINT,27.0
TOP,XXXL,Maroon,35.0
TOP,XXXL,Mauve,2.0
TOP,XXXL,Multicolor,12.0
TOP,XXXL,Mustard,213.0
TOP,XXXL,Navy Blue,164.0
TOP,XXXL,OFF WHITE,8.0
TOP,XXXL,Olive,3.0
TOP,XXXL,Orange,49.0
TOP,XXXL,Peach,3.0
TOP,XXXL,Pink,72.0
TOP,XXXL,Red,293.0
TOP,XXXL,Rust,28.0
TOP,XXXL,Sea Green,13.0
TOP,XXXL,Sky Blue,0.0
TOP,XXXL,Teal,31.0
TOP,XXXL,Turquoise Blue,1.0
TOP,XXXL,White,91.0
TOP,XXXL,Yellow,49.0
TUNIC,L,Black,37.0
TUNIC,L,Blue,13.0
TUNIC,L,Green,38.0
TUNIC,L,Grey,157.0
TUNIC,L,Light Blue,4.0
TUNIC,L,Maroon,50.0
TUNIC,L,Mustard,1.0
TUNIC,L,Navy Blue,61.0
TUNIC,L,Pink,40.0
TUNIC,L,Red,81.0
TUNIC,L,White,78.0
TUNIC,M,Black,41.0
TUNIC,M,Blue,10.0
TUNIC,M,Green,49.0
TUNIC,M,Grey,106.0
TUNIC,M,Light Blue,3.0
TUNIC,M,Maroon,62.0
TUNIC,M,Mustard,1.0
TUNIC,M,Navy Blue,73.0
TUNIC,M,Pink,25.0
TUNIC,M,Red,7.0
TUNIC,M,White,100.0
TUNIC,S,Black,35.0
TUNIC,S,Blue,54.0
TUNIC,S,Green,57.0
TUNIC,S,Grey,73.0
TUNIC,S,Light Blue,19.0
TUNIC,S,Maroon,162.0
TUNIC,S,Mustard,3.0
TUNIC,S,Navy Blue,42.0
TUNIC,S,Pink,39.0
TUNIC,S,Red,47.0
TUNIC,S,White,33.0
TUNIC,XL,Black,9.0
TUNIC,XL,Blue,11.0
TUNIC,XL,Green,39.0
TUNIC,XL,Grey,145.0
TUNIC,XL,Light Blue,2.0
TUNIC,XL,Maroon,47.0
TUNIC,XL,Mustard,2.0
TUNIC,XL,Navy Blue,113.0
TUNIC,XL,Pink,38.0
TUNIC,XL,Red,45.0
TUNIC,XL,White,51.0
TUNIC,XS,Black,19.0
TUNIC,XS,Blue,70.0
TUNIC,XS,Green,2.0
TUNIC,XS,Grey,51.0
TUNIC,XS,Light Blue,42.0
TUNIC,XS,Maroon,141.0
TUNIC,XS,Mustard,5.0
TUNIC,XS,Navy Blue,22.0
TUNIC,XS,Pink,31.0
TUNIC,XS,Red,19.0
TUNIC,XS,White,30.0
TUNIC,XXL,Black,11.0
TUNIC,XXL,Blue,13.0
TUNIC,XXL,Green,22.0
TUNIC,XXL,Grey,78.0
TUNIC,XXL,Light Blue,3.0
TUNIC,XXL,Maroon,22.0
TUNIC,XXL,Mustard,4.0
TUNIC,XXL,Navy Blue,23.0
TUNIC,XXL,Pink,22.0
TUNIC,XXL,Red,4.0
TUNIC,XXL,White,18.0
TUNIC,XXXL,Black,22.0
TUNIC,XXXL,Blue,11.0
TUNIC,XXXL,Green,22.0
TUNIC,XXXL,Grey,9.0
TUNIC,XXXL,Light Blue,1.0
TUNIC,XXXL,Maroon,21.0
TUNIC,XXXL,Mustard,7.0
TUNIC,XXXL,Navy Blue,42.0
TUNIC,XXXL,Pink,44.0
TUNIC,XXXL,Red,2.0
TUNIC,XXXL,White,31.0
Unknown,M,Unknown,0.0
Unknown,S,Unknown,0.0
Unknown,Unknown,Unknown,0.0
Unknown,XL,Unknown,0.0
Unknown,XS,Unknown,0.0
Unknown,XXL,Unknown,0.0
Unknown,XXXL,Unknown,0.0
